{"loss": [0.004461632575839758, 0.0023902899120002985, 0.0024123697075992823, 0.002373577794060111, 0.0023734960705041885, 0.002373614115640521, 0.0023730983957648277, 0.0023730886168777943, 0.002373031573370099, 0.0023730352986603975, 0.002373030874878168, 0.0023730280809104443, 0.0023730280809104443, 0.0023730245884507895, 0.002373026218265295, 0.0023730292450636625], "mean_absolute_error": [0.018926819786429405, 0.01884901337325573, 0.018865978345274925, 0.01874689757823944, 0.018745921552181244, 0.01874745637178421, 0.01872972398996353, 0.018727552145719528, 0.018724974244832993, 0.018725285306572914, 0.01872675120830536, 0.018725208938121796, 0.018725452944636345, 0.018725154921412468, 0.018725259229540825, 0.01872524619102478], "learning_rate": [0.009999999776482582, 0.009999999776482582, 0.009999999776482582, 0.0009999999310821295, 0.0009999999310821295, 0.0009999999310821295, 9.99999901978299e-05, 9.99999901978299e-05, 9.99999883788405e-06, 9.99999883788405e-06, 9.99999883788405e-07, 9.99999883788405e-07, 9.999998695775503e-08, 9.999998695775503e-08, 9.99999905104687e-09, 9.99999905104687e-09]}