{"loss": [0.2817595303058624, 0.22633491456508636, 0.19736428558826447, 0.17493905127048492, 0.15708361566066742, 0.14239832758903503, 0.13017773628234863, 0.11985057592391968, 0.11102869361639023, 0.10342487692832947, 0.09679260849952698, 0.09097126126289368, 0.08579739183187485, 0.08115014433860779, 0.0770529955625534, 0.07329912483692169, 0.06993811577558517, 0.06684400141239166, 0.06406071037054062, 0.06156269088387489, 0.05929083749651909, 0.05722906440496445, 0.05526862293481827, 0.053495705127716064, 0.05185678228735924, 0.05037114396691322, 0.04898460954427719, 0.04767652228474617, 0.04643942043185234, 0.04530754312872887, 0.04421783611178398, 0.043220359832048416, 0.042279697954654694, 0.04137773811817169, 0.040556978434324265, 0.039745964109897614, 0.03900201618671417, 0.03806637227535248, 0.03796461224555969, 0.03787859529256821, 0.037804167717695236, 0.03772462159395218, 0.03764686360955238, 0.03756794333457947, 0.037496309727430344, 0.03740888088941574, 0.03739939630031586, 0.03739039972424507, 0.03738091140985489, 0.03737835958600044, 0.037377357482910156, 0.03737823665142059, 0.037377793341875076, 0.03737867251038551, 0.03737973794341087, 0.037380389869213104, 0.03737773001194, 0.03737860172986984, 0.037380706518888474, 0.03738011047244072], "mean_absolute_error": [0.04426552727818489, 0.022336846217513084, 0.020808780565857887, 0.02005007676780224, 0.019674044102430344, 0.019364219158887863, 0.01914842054247856, 0.018973737955093384, 0.01882987655699253, 0.01871180720627308, 0.018589520826935768, 0.018468981608748436, 0.0183210838586092, 0.01813199743628502, 0.018008984625339508, 0.01781342923641205, 0.017653947696089745, 0.017453258857131004, 0.017296984791755676, 0.017193038016557693, 0.017108706757426262, 0.01705208234488964, 0.01693478785455227, 0.01686370186507702, 0.0167996883392334, 0.016773955896496773, 0.01674327626824379, 0.016698850318789482, 0.01664070598781109, 0.01661328598856926, 0.016559073701500893, 0.01653393730521202, 0.01650814898312092, 0.0164676271378994, 0.016460390761494637, 0.01641755923628807, 0.01640128903090954, 0.0158526748418808, 0.015823327004909515, 0.015809262171387672, 0.015806348994374275, 0.015797896310687065, 0.015790773555636406, 0.0157820712774992, 0.01578029990196228, 0.015731127932667732, 0.015728570520877838, 0.015726592391729355, 0.015720907598733902, 0.015718961134552956, 0.015718312934041023, 0.015719184651970863, 0.015718715265393257, 0.01571962982416153, 0.015720652416348457, 0.015721311792731285, 0.015718620270490646, 0.015719488263130188, 0.01572161354124546, 0.015721047297120094], "val_loss": [0.2418416291475296, 0.21004585921764374, 0.18492943048477173, 0.16434477269649506, 0.14927804470062256, 0.13513293862342834, 0.1240852028131485, 0.1147218644618988, 0.10632193088531494, 0.09938228130340576, 0.09316864609718323, 0.08763005584478378, 0.08315425366163254, 0.07885872572660446, 0.0750545933842659, 0.07181766629219055, 0.06865783035755157, 0.06814710795879364, 0.06670932471752167, 0.06062428280711174, 0.05963403359055519, 0.059192195534706116, 0.05452609062194824, 0.053231727331876755, 0.05799556151032448, 0.05054908245801926, 0.04840683192014694, 0.04744172468781471, 0.04864569380879402, 0.04492189735174179, 0.04401318356394768, 0.05488594248890877, 0.041631635278463364, 0.04095492139458656, 0.040130577981472015, 0.042704686522483826, 0.04293441027402878, 0.03792770206928253, 0.03797391429543495, 0.03775477036833763, 0.03773215785622597, 0.03758399933576584, 0.037459444254636765, 0.03744031488895416, 0.037444259971380234, 0.037278831005096436, 0.03726692497730255, 0.037254758179187775, 0.03725641220808029, 0.03725024312734604, 0.03725060075521469, 0.03725089877843857, 0.03725124150514603, 0.03725168853998184, 0.03725113347172737, 0.0372508242726326, 0.03725145384669304, 0.037251364439725876, 0.03725183382630348, 0.037250667810440063], "val_mean_absolute_error": [0.021775366738438606, 0.020897192880511284, 0.02002415433526039, 0.018794061616063118, 0.0195070318877697, 0.018450787290930748, 0.01840849220752716, 0.018406003713607788, 0.018047314137220383, 0.01807332970201969, 0.017940275371074677, 0.017744971439242363, 0.01799529604613781, 0.017903733998537064, 0.017854537814855576, 0.01798909343779087, 0.017868511378765106, 0.020112287253141403, 0.021180246025323868, 0.01738131046295166, 0.018483586609363556, 0.019961996003985405, 0.01706601120531559, 0.017407521605491638, 0.023686833679676056, 0.017646891996264458, 0.016812454909086227, 0.017066899687051773, 0.0194119643419981, 0.01675623096525669, 0.016851183027029037, 0.028666634112596512, 0.016299482434988022, 0.01645953580737114, 0.01642514578998089, 0.01974698342382908, 0.020684408023953438, 0.015750302001833916, 0.01586870849132538, 0.015721311792731285, 0.015769995748996735, 0.015692681074142456, 0.015638552606105804, 0.015689468011260033, 0.01576300896704197, 0.015604563988745213, 0.015599623322486877, 0.015594434924423695, 0.01559669803828001, 0.01559116505086422, 0.015591512434184551, 0.015591823495924473, 0.015592144802212715, 0.015592627227306366, 0.015592050738632679, 0.015591772273182869, 0.015592395327985287, 0.015592288225889206, 0.015592753887176514, 0.015591610223054886], "learning_rate": [4.999999873689376e-05, 4.999999873689376e-05, 4.999999873689376e-05, 4.999999873689376e-05, 4.999999873689376e-05, 4.999999873689376e-05, 4.999999873689376e-05, 4.999999873689376e-05, 4.999999873689376e-05, 4.999999873689376e-05, 4.999999873689376e-05, 4.999999873689376e-05, 4.999999873689376e-05, 4.999999873689376e-05, 4.999999873689376e-05, 4.999999873689376e-05, 4.999999873689376e-05, 4.999999873689376e-05, 4.999999873689376e-05, 4.999999873689376e-05, 4.999999873689376e-05, 4.999999873689376e-05, 4.999999873689376e-05, 4.999999873689376e-05, 4.999999873689376e-05, 4.999999873689376e-05, 4.999999873689376e-05, 4.999999873689376e-05, 4.999999873689376e-05, 4.999999873689376e-05, 4.999999873689376e-05, 4.999999873689376e-05, 4.999999873689376e-05, 4.999999873689376e-05, 4.999999873689376e-05, 4.999999873689376e-05, 4.999999873689376e-05, 4.999999873689376e-06, 4.999999873689376e-06, 4.999999873689376e-06, 4.999999873689376e-06, 4.999999873689376e-06, 4.999999873689376e-06, 4.999999873689376e-06, 4.999999873689376e-06, 4.999999987376214e-07, 4.999999987376214e-07, 4.999999987376214e-07, 5.000000058430487e-08, 5.000000058430487e-08, 4.999999969612645e-09, 4.999999969612645e-09, 4.999999858590343e-10, 4.999999858590343e-10, 4.9999997198124646e-11, 4.9999997198124646e-11, 4.999999546340117e-12, 4.999999546340117e-12, 4.9999994379199e-13, 4.9999994379199e-13]}