{"loss": [0.42064663767814636, 0.33823058009147644, 0.30789563059806824, 0.2861078381538391, 0.2687422037124634, 0.25261977314949036, 0.24040165543556213, 0.22945243120193481, 0.2205299586057663, 0.21244998276233673, 0.20471593737602234, 0.19792088866233826, 0.19172102212905884, 0.18612687289714813, 0.18125450611114502, 0.1766580045223236, 0.1726410984992981, 0.16843657195568085, 0.1647590696811676, 0.1607721596956253, 0.16012509167194366, 0.15967386960983276, 0.15922030806541443, 0.15883059799671173, 0.1584370881319046, 0.15808482468128204, 0.15770241618156433, 0.15733443200588226, 0.15698646008968353, 0.15661683678627014, 0.1562642604112625, 0.15594537556171417, 0.155603289604187, 0.1552773267030716, 0.15495942533016205, 0.15462814271450043, 0.15430563688278198, 0.15400302410125732, 0.1537145972251892, 0.1534223109483719, 0.15310518443584442, 0.1525266319513321, 0.1524520069360733, 0.1524038016796112, 0.15237247943878174, 0.15232737362384796, 0.15230205655097961, 0.15225455164909363, 0.15222887694835663, 0.15218882262706757, 0.15212170779705048, 0.15212254226207733, 0.15211302042007446, 0.15211904048919678, 0.15210385620594025, 0.1521027386188507, 0.15209941565990448, 0.15211588144302368, 0.15210707485675812, 0.15210659801959991, 0.15210147202014923, 0.15211491286754608, 0.15209752321243286, 0.1521034836769104, 0.15209639072418213, 0.1521064043045044, 0.1521020233631134], "mean_absolute_error": [0.05445704981684685, 0.02471776306629181, 0.022758523002266884, 0.021954655647277832, 0.021549031138420105, 0.02087901160120964, 0.020694246515631676, 0.02047859877347946, 0.02042156271636486, 0.02033354341983795, 0.02012784034013748, 0.01996738836169243, 0.019811872392892838, 0.0196587722748518, 0.019579045474529266, 0.019469715654850006, 0.019393915310502052, 0.019211167469620705, 0.019090231508016586, 0.018476272001862526, 0.018367504701018333, 0.0183354914188385, 0.018296323716640472, 0.018276235088706017, 0.018244225531816483, 0.018231667578220367, 0.018200619146227837, 0.018176956102252007, 0.018173780292272568, 0.0181429460644722, 0.018124325200915337, 0.01811860501766205, 0.018088335171341896, 0.01808147504925728, 0.018064992502331734, 0.01805157959461212, 0.018034808337688446, 0.0180337056517601, 0.018009740859270096, 0.01800411567091942, 0.017989054322242737, 0.01789863407611847, 0.01788489893078804, 0.017875410616397858, 0.017877286300063133, 0.017872292548418045, 0.01786973513662815, 0.017862560227513313, 0.017868729308247566, 0.01786441169679165, 0.01785036362707615, 0.017855532467365265, 0.01785501092672348, 0.017855703830718994, 0.01785271428525448, 0.01785448007285595, 0.01785307563841343, 0.01785765402019024, 0.01785534992814064, 0.017856217920780182, 0.017854483798146248, 0.017856094986200333, 0.017854947596788406, 0.01785481534898281, 0.017853576689958572, 0.017855746671557426, 0.017854349687695503], "val_loss": [0.3537682890892029, 0.32708629965782166, 0.2940155267715454, 0.28025496006011963, 0.2567644715309143, 0.25290796160697937, 0.23358991742134094, 0.2287701815366745, 0.21719743311405182, 0.20782716572284698, 0.2084137499332428, 0.19901615381240845, 0.22906000912189484, 0.1861448734998703, 0.1827087253332138, 0.18186986446380615, 0.25740012526512146, 0.23395954072475433, 0.1933528482913971, 0.1598508208990097, 0.1599024385213852, 0.15902167558670044, 0.15884517133235931, 0.1579253077507019, 0.15819835662841797, 0.1574908345937729, 0.15685494244098663, 0.15725627541542053, 0.1560382843017578, 0.15643835067749023, 0.15668119490146637, 0.1555236279964447, 0.1547936052083969, 0.15493948757648468, 0.1539587676525116, 0.15669243037700653, 0.15437819063663483, 0.15323203802108765, 0.15448272228240967, 0.15363289415836334, 0.15341930091381073, 0.1521090269088745, 0.15181833505630493, 0.1516689956188202, 0.15189765393733978, 0.15165257453918457, 0.15155397355556488, 0.15150763094425201, 0.1517154425382614, 0.15145984292030334, 0.15139654278755188, 0.15138334035873413, 0.1513896882534027, 0.1513768583536148, 0.15138474106788635, 0.15137504041194916, 0.15137149393558502, 0.15137651562690735, 0.1513763964176178, 0.1513846516609192, 0.1513722985982895, 0.15137681365013123, 0.15137562155723572, 0.15137910842895508, 0.15138337016105652, 0.15137892961502075, 0.15138258039951324], "val_mean_absolute_error": [0.024957841262221336, 0.02709859423339367, 0.02200099267065525, 0.022222381085157394, 0.020393945276737213, 0.02317531406879425, 0.020383130759000778, 0.022177623584866524, 0.0204971581697464, 0.020267467945814133, 0.02190808579325676, 0.02156834863126278, 0.028627680614590645, 0.02048446238040924, 0.020242834463715553, 0.020845673978328705, 0.04288538917899132, 0.03572557494044304, 0.025386514142155647, 0.018292458727955818, 0.018309690058231354, 0.018205896019935608, 0.018226249143481255, 0.018110014498233795, 0.018188299611210823, 0.018099911510944366, 0.018022971227765083, 0.018192937597632408, 0.01802879571914673, 0.018098806962370872, 0.01818990148603916, 0.018073881044983864, 0.01795339770615101, 0.01802241802215576, 0.01786992885172367, 0.018382029607892036, 0.017989447340369225, 0.017888575792312622, 0.01815464347600937, 0.01800585351884365, 0.018026240170001984, 0.017775746062397957, 0.017743419855833054, 0.01773352175951004, 0.017749682068824768, 0.01772370934486389, 0.017725849524140358, 0.01770767755806446, 0.017752638086676598, 0.01771494373679161, 0.017704898491501808, 0.01770184375345707, 0.01770108751952648, 0.017702925950288773, 0.017701134085655212, 0.01770641654729843, 0.017705906182527542, 0.01770644448697567, 0.017705949023365974, 0.017707332968711853, 0.017706220969557762, 0.01770499162375927, 0.017705131322145462, 0.01770872250199318, 0.017703905701637268, 0.017709504812955856, 0.0177032221108675], "learning_rate": [7.000000186963007e-05, 7.000000186963007e-05, 7.000000186963007e-05, 7.000000186963007e-05, 7.000000186963007e-05, 7.000000186963007e-05, 7.000000186963007e-05, 7.000000186963007e-05, 7.000000186963007e-05, 7.000000186963007e-05, 7.000000186963007e-05, 7.000000186963007e-05, 7.000000186963007e-05, 7.000000186963007e-05, 7.000000186963007e-05, 7.000000186963007e-05, 7.000000186963007e-05, 7.000000186963007e-05, 7.000000186963007e-05, 7.000000096013537e-06, 7.000000096013537e-06, 7.000000096013537e-06, 7.000000096013537e-06, 7.000000096013537e-06, 7.000000096013537e-06, 7.000000096013537e-06, 7.000000096013537e-06, 7.000000096013537e-06, 7.000000096013537e-06, 7.000000096013537e-06, 7.000000096013537e-06, 7.000000096013537e-06, 7.000000096013537e-06, 7.000000096013537e-06, 7.000000096013537e-06, 7.000000096013537e-06, 7.000000096013537e-06, 7.000000096013537e-06, 7.000000096013537e-06, 7.000000096013537e-06, 7.000000096013537e-06, 6.999999868639861e-07, 6.999999868639861e-07, 6.999999868639861e-07, 6.999999868639861e-07, 6.999999868639861e-07, 6.999999868639861e-07, 6.999999868639861e-07, 6.999999868639861e-07, 6.999999868639861e-07, 6.999999868639861e-08, 6.999999868639861e-08, 6.999999868639861e-08, 6.999999868639861e-08, 6.999999691004177e-09, 6.999999691004177e-09, 6.999999691004177e-09, 6.999999468959572e-10, 6.999999468959572e-10, 6.999999468959572e-10, 6.999999191403816e-11, 6.999999191403816e-11, 6.999999191403816e-11, 6.9999991046676424e-12, 6.9999991046676424e-12, 6.9999991046676424e-12, 6.999998996247425e-13]}