{"loss": [0.2778956890106201, 0.15988785028457642, 0.13798435032367706, 0.128242626786232, 0.12412998825311661, 0.12124274671077728, 0.11820317804813385, 0.11752999573945999, 0.11652208119630814, 0.11574453115463257, 0.113856241106987, 0.11335186660289764, 0.11297860741615295, 0.11257422715425491, 0.11221890151500702, 0.11077412217855453, 0.11046679317951202, 0.11025572568178177, 0.1093958169221878, 0.10914991050958633, 0.10908762365579605, 0.10888020694255829, 0.10880875587463379, 0.10825224220752716, 0.10815171897411346, 0.1080893874168396, 0.10802779346704483, 0.10791929811239243, 0.10786456614732742, 0.10781373828649521, 0.10755844414234161, 0.1074938178062439, 0.10743936151266098, 0.10742482542991638, 0.10738590359687805, 0.10736007988452911, 0.10731638967990875, 0.10727040469646454, 0.10714860260486603, 0.10710754990577698, 0.10708267241716385, 0.10706481337547302, 0.10700394958257675, 0.1069791242480278, 0.10696928203105927, 0.1069529801607132, 0.10693119466304779, 0.10692368447780609, 0.10693108290433884, 0.10690729320049286], "mean_absolute_error": [0.03369578719139099, 0.020772660151124, 0.02235393039882183, 0.02031811699271202, 0.02062193676829338, 0.020278355106711388, 0.019830940291285515, 0.01962662674486637, 0.01962987519800663, 0.019362792372703552, 0.01886141300201416, 0.018819306045770645, 0.018696162849664688, 0.018589016050100327, 0.018496843054890633, 0.018097007647156715, 0.018015310168266296, 0.0180373415350914, 0.017750784754753113, 0.01769445464015007, 0.017694823443889618, 0.017660100013017654, 0.01762283593416214, 0.017493078485131264, 0.017453473061323166, 0.017446104437112808, 0.01742984727025032, 0.01739979162812233, 0.017391012981534004, 0.017378762364387512, 0.017321210354566574, 0.0173061303794384, 0.017294753342866898, 0.017296897247433662, 0.01728166826069355, 0.017278479412198067, 0.017265189439058304, 0.017257271334528923, 0.017233747988939285, 0.017221327871084213, 0.017213944345712662, 0.01721501350402832, 0.017203480005264282, 0.01719851791858673, 0.017200341448187828, 0.0171912033110857, 0.017191188409924507, 0.017190391197800636, 0.017188914120197296, 0.01718832552433014], "val_loss": [0.18473772704601288, 0.14752770960330963, 0.13143578171730042, 0.20795434713363647, 0.14455845952033997, 0.16452795267105103, 0.1233389675617218, 0.1379185914993286, 0.12698017060756683, 0.1622386872768402, 0.11747270822525024, 0.11684329062700272, 0.15311837196350098, 0.2592359185218811, 0.21087656915187836, 0.1562051624059677, 0.12005100399255753, 0.14813196659088135, 0.1132551059126854, 0.10908060520887375, 0.1100979745388031, 0.11013437807559967, 0.12104532867670059, 0.10826904326677322, 0.10818616300821304, 0.1080518364906311, 0.10770140588283539, 0.10796274989843369, 0.10813256353139877, 0.10800978541374207, 0.10725615173578262, 0.10732142627239227, 0.10788539052009583, 0.10714539885520935, 0.1069558635354042, 0.10725733637809753, 0.10812075436115265, 0.10903342813253403, 0.10677485913038254, 0.10675156116485596, 0.10681233555078506, 0.10672768205404282, 0.10661687701940536, 0.1066160723567009, 0.10654763877391815, 0.10653883963823318, 0.10653842240571976, 0.10651832073926926, 0.10653675347566605, 0.10650952160358429], "val_mean_absolute_error": [0.020384088158607483, 0.020486444234848022, 0.02054070122539997, 0.04092653468251228, 0.028831811621785164, 0.030097169801592827, 0.020378902554512024, 0.023435089737176895, 0.021108204498887062, 0.02913389541208744, 0.019650323316454887, 0.01903253048658371, 0.02824248932301998, 0.06638666987419128, 0.04592454805970192, 0.027874097228050232, 0.020185867324471474, 0.02998075634241104, 0.01829325221478939, 0.01766231656074524, 0.017869973555207253, 0.0178204495459795, 0.019745931029319763, 0.017473161220550537, 0.017372749745845795, 0.017432907596230507, 0.017397210001945496, 0.017403962090611458, 0.017448846250772476, 0.017360869795084, 0.017238885164260864, 0.017191899940371513, 0.01733292080461979, 0.01724480651319027, 0.01717519201338291, 0.017215771600604057, 0.017366865649819374, 0.017625795677304268, 0.017120791599154472, 0.017103228718042374, 0.017154905945062637, 0.01713547669351101, 0.01709926873445511, 0.017104268074035645, 0.017090335488319397, 0.017092974856495857, 0.017089329659938812, 0.01709138974547386, 0.01708943024277687, 0.01708444580435753], "learning_rate": [0.0005000000237487257, 0.0005000000237487257, 0.0005000000237487257, 0.0005000000237487257, 0.0005000000237487257, 0.0005000000237487257, 0.00020000000949949026, 0.00020000000949949026, 0.00020000000949949026, 0.00020000000949949026, 8.000000525498763e-05, 8.000000525498763e-05, 8.000000525498763e-05, 8.000000525498763e-05, 8.000000525498763e-05, 3.2000003557186574e-05, 3.2000003557186574e-05, 3.2000003557186574e-05, 1.2800001059076749e-05, 1.2800001059076749e-05, 1.2800001059076749e-05, 1.2800001059076749e-05, 1.2800001059076749e-05, 5.1200004236306995e-06, 5.1200004236306995e-06, 5.1200004236306995e-06, 5.1200004236306995e-06, 5.1200004236306995e-06, 5.1200004236306995e-06, 5.1200004236306995e-06, 2.04800016945228e-06, 2.04800016945228e-06, 2.04800016945228e-06, 2.04800016945228e-06, 2.04800016945228e-06, 2.04800016945228e-06, 2.04800016945228e-06, 2.04800016945228e-06, 8.192000677809119e-07, 8.192000677809119e-07, 8.192000677809119e-07, 8.192000677809119e-07, 3.2768002711236477e-07, 3.2768002711236477e-07, 3.2768002711236477e-07, 3.2768002711236477e-07, 1.3107201368711685e-07, 1.3107201368711685e-07, 1.3107201368711685e-07, 5.2428806185389476e-08]}