{"loss": [0.014377854764461517, 0.002845227951183915, 0.0028452861588448286, 0.0028449492529034615, 0.0028433192055672407, 0.0028433497063815594, 0.0028431634418666363, 0.0028431573882699013, 0.0028431410901248455, 0.002843132708221674, 0.002843136666342616, 0.0028431303799152374, 0.002843134803697467, 0.0028431331738829613, 0.002843132708221674], "mean_absolute_error": [0.02063712850213051, 0.020519357174634933, 0.020525097846984863, 0.020490271970629692, 0.0204432625323534, 0.020444011315703392, 0.020437495782971382, 0.02043548971414566, 0.020444205030798912, 0.020436862483620644, 0.02044140174984932, 0.020438142120838165, 0.02043779194355011, 0.020437704399228096, 0.02043767273426056], "learning_rate": [0.0010000000474974513, 0.0010000000474974513, 0.0010000000474974513, 0.0010000000474974513, 0.00010000000474974513, 0.00010000000474974513, 1.0000000656873453e-05, 1.0000000656873453e-05, 1.0000001111620804e-06, 1.0000001111620804e-06, 1.000000082740371e-07, 1.000000082740371e-07, 1.000000082740371e-08, 1.000000082740371e-08, 1.000000082740371e-09]}