{"loss": [0.2792806327342987, 0.22488965094089508, 0.19518080353736877, 0.1723630279302597, 0.15411250293254852, 0.13932445645332336, 0.1270471066236496, 0.11671893298625946, 0.10791026055812836, 0.10038623213768005, 0.09384023398160934, 0.08809401839971542, 0.08301990479230881, 0.0785202905535698, 0.0744267925620079, 0.07075923681259155, 0.06747576594352722, 0.06457216292619705, 0.061916131526231766, 0.059527184814214706, 0.05736002326011658, 0.05536273866891861, 0.053525395691394806, 0.05187016725540161, 0.05033956095576286, 0.04890032485127449, 0.04757370054721832, 0.046344462782144547, 0.04520952329039574, 0.04412958025932312, 0.04310646653175354, 0.042978208512067795, 0.042870644479990005, 0.042756546288728714, 0.04265328869223595, 0.04255005717277527, 0.04244500771164894, 0.04234408959746361, 0.04224167764186859, 0.04213940352201462, 0.04203915596008301, 0.04194321110844612, 0.04184678569436073, 0.04174688458442688, 0.041646167635917664, 0.041632018983364105, 0.041619304567575455, 0.041609376668930054, 0.0416102409362793, 0.04160590469837189, 0.04160863533616066, 0.0416078194975853, 0.041608911007642746, 0.04161028563976288, 0.0416085310280323, 0.04160857945680618, 0.04160759598016739, 0.041609231382608414, 0.04160687327384949, 0.04160743206739426, 0.04160669818520546, 0.04160848259925842], "mean_absolute_error": [0.04259143024682999, 0.023137329146265984, 0.021857252344489098, 0.02132485806941986, 0.020931551232933998, 0.020732108503580093, 0.02056090347468853, 0.020407674834132195, 0.02024613320827484, 0.020140515640378, 0.020011642947793007, 0.019858643412590027, 0.01969248242676258, 0.019524741917848587, 0.019275538623332977, 0.019040564075112343, 0.01883520931005478, 0.018706010654568672, 0.018560901284217834, 0.018454382196068764, 0.018368232995271683, 0.018276410177350044, 0.018188845366239548, 0.018144529312849045, 0.01810033991932869, 0.01803836040198803, 0.017990224063396454, 0.017950136214494705, 0.01792413555085659, 0.01788054220378399, 0.01740366220474243, 0.017375683411955833, 0.017367754131555557, 0.01735241524875164, 0.017347432672977448, 0.017341550439596176, 0.017333298921585083, 0.01732843741774559, 0.017321405932307243, 0.01731393299996853, 0.017307793721556664, 0.017305294051766396, 0.017301689833402634, 0.017293961718678474, 0.017243679612874985, 0.017238758504390717, 0.017235267907381058, 0.017230357974767685, 0.017232054844498634, 0.01722807064652443, 0.017230859026312828, 0.01723000407218933, 0.017231086269021034, 0.017232470214366913, 0.01723073050379753, 0.01723078079521656, 0.01722981221973896, 0.017231449484825134, 0.017229055985808372, 0.017229612916707993, 0.01722891442477703, 0.01723068580031395], "val_loss": [0.24210748076438904, 0.20692214369773865, 0.18157793581485748, 0.16185440123081207, 0.14554078876972198, 0.1324416548013687, 0.12090902030467987, 0.11175759881734848, 0.10350412875413895, 0.0966498926281929, 0.0903201699256897, 0.08493191003799438, 0.0802934542298317, 0.07594630122184753, 0.07222754508256912, 0.06880877166986465, 0.06562904268503189, 0.06331788748502731, 0.0608743391931057, 0.06243603304028511, 0.05639483407139778, 0.05656532943248749, 0.052963823080062866, 0.05218195170164108, 0.05089237913489342, 0.0482165664434433, 0.049808476120233536, 0.0473996177315712, 0.04993831366300583, 0.04758657142519951, 0.042894236743450165, 0.04302867129445076, 0.04261977970600128, 0.04292013496160507, 0.04243449494242668, 0.04236476868391037, 0.042205531150102615, 0.04214571788907051, 0.04201451689004898, 0.04191611707210541, 0.04188520833849907, 0.04169324412941933, 0.04163649305701256, 0.04167007654905319, 0.041462529450654984, 0.04144677519798279, 0.041436806321144104, 0.04143282026052475, 0.0414317362010479, 0.04143122583627701, 0.041432082653045654, 0.04143110662698746, 0.04143160954117775, 0.04143290966749191, 0.04143286868929863, 0.04143250733613968, 0.04143178462982178, 0.04143201932311058, 0.041432082653045654, 0.041431646794080734, 0.04143205285072327, 0.04143204540014267], "val_mean_absolute_error": [0.023636726662516594, 0.02058522030711174, 0.020265305414795876, 0.020374711602926254, 0.02012822963297367, 0.02026757039129734, 0.01979711651802063, 0.019998690113425255, 0.019735103473067284, 0.01976492814719677, 0.01941404677927494, 0.019256114959716797, 0.01922205649316311, 0.018948938697576523, 0.018857024610042572, 0.018684355542063713, 0.01842419058084488, 0.018748851493000984, 0.018696730956435204, 0.022435979917645454, 0.018383903428912163, 0.020378392189741135, 0.018455032259225845, 0.019219743087887764, 0.01935962587594986, 0.018009720370173454, 0.020833933725953102, 0.019573191180825233, 0.023182876408100128, 0.021833432838320732, 0.01724175550043583, 0.01747610792517662, 0.017166435718536377, 0.01756528951227665, 0.017177438363432884, 0.017204834148287773, 0.017142049968242645, 0.017177950590848923, 0.01714179664850235, 0.01713782548904419, 0.01720067299902439, 0.017101828008890152, 0.017137568444013596, 0.01726299151778221, 0.017064649611711502, 0.017058124765753746, 0.017057321965694427, 0.01705419458448887, 0.01705389842391014, 0.017053453251719475, 0.017054295167326927, 0.01705331541597843, 0.01705380342900753, 0.0170550849288702, 0.017055107280611992, 0.017054714262485504, 0.017053967341780663, 0.01705424301326275, 0.017054269090294838, 0.017053861171007156, 0.017054269090294838, 0.01705426350235939], "learning_rate": [4.999999873689376e-05, 4.999999873689376e-05, 4.999999873689376e-05, 4.999999873689376e-05, 4.999999873689376e-05, 4.999999873689376e-05, 4.999999873689376e-05, 4.999999873689376e-05, 4.999999873689376e-05, 4.999999873689376e-05, 4.999999873689376e-05, 4.999999873689376e-05, 4.999999873689376e-05, 4.999999873689376e-05, 4.999999873689376e-05, 4.999999873689376e-05, 4.999999873689376e-05, 4.999999873689376e-05, 4.999999873689376e-05, 4.999999873689376e-05, 4.999999873689376e-05, 4.999999873689376e-05, 4.999999873689376e-05, 4.999999873689376e-05, 4.999999873689376e-05, 4.999999873689376e-05, 4.999999873689376e-05, 4.999999873689376e-05, 4.999999873689376e-05, 4.999999873689376e-05, 4.999999873689376e-06, 4.999999873689376e-06, 4.999999873689376e-06, 4.999999873689376e-06, 4.999999873689376e-06, 4.999999873689376e-06, 4.999999873689376e-06, 4.999999873689376e-06, 4.999999873689376e-06, 4.999999873689376e-06, 4.999999873689376e-06, 4.999999873689376e-06, 4.999999873689376e-06, 4.999999873689376e-06, 4.999999987376214e-07, 4.999999987376214e-07, 4.999999987376214e-07, 5.000000058430487e-08, 5.000000058430487e-08, 4.999999969612645e-09, 4.999999969612645e-09, 4.999999858590343e-10, 4.999999858590343e-10, 4.9999997198124646e-11, 4.9999997198124646e-11, 4.999999546340117e-12, 4.999999546340117e-12, 4.9999994379199e-13, 4.9999994379199e-13, 4.9999995734451713e-14, 4.9999995734451713e-14, 4.9999994887418766e-15]}