{"loss": [0.1868179589509964, 0.05917103961110115, 0.034355901181697845, 0.024339906871318817, 0.01900574378669262, 0.017467113211750984, 0.01741836778819561, 0.017952987924218178, 0.01807424984872341, 0.017484774813055992, 0.01744821108877659, 0.01609913632273674, 0.01590496487915516, 0.01580113172531128, 0.015604143962264061, 0.015571835450828075, 0.015544725582003593, 0.01551648136228323, 0.015487611293792725, 0.01544338371604681, 0.015431838110089302, 0.015424520708620548, 0.015429665334522724, 0.015422440133988857, 0.015421091578900814], "mean_absolute_error": [0.03143581375479698, 0.02059725672006607, 0.018000589683651924, 0.017351685091853142, 0.016752155497670174, 0.016544481739401817, 0.0165353212505579, 0.016916606575250626, 0.01681319810450077, 0.01655796356499195, 0.016563838347792625, 0.0156421959400177, 0.015526136383414268, 0.01544762309640646, 0.015266817063093185, 0.015240074135363102, 0.015216771513223648, 0.015191035345196724, 0.015164271928369999, 0.015121136792004108, 0.015109771862626076, 0.015102580189704895, 0.015107795596122742, 0.015100596472620964, 0.01509916502982378], "val_loss": [0.0872918888926506, 0.043340690433979034, 0.1448850929737091, 0.03952687233686447, 0.14065280556678772, 0.025983242318034172, 0.024215908721089363, 0.021510282531380653, 0.018419120460748672, 0.17284998297691345, 0.048592787235975266, 0.018162444233894348, 0.02388487569987774, 0.019742650911211967, 0.017223428934812546, 0.01566033810377121, 0.015483775176107883, 0.015676483511924744, 0.016471266746520996, 0.015580511651933193, 0.015597039833664894, 0.015389949083328247, 0.01540965773165226, 0.015414156951010227, 0.015379119664430618], "val_mean_absolute_error": [0.023031391203403473, 0.01961727999150753, 0.1337338387966156, 0.03578440099954605, 0.13957490026950836, 0.025242704898118973, 0.0235652644187212, 0.02025860734283924, 0.017313040792942047, 0.1721944659948349, 0.04799667373299599, 0.017765231430530548, 0.02351825125515461, 0.01939960941672325, 0.01688993163406849, 0.015330585651099682, 0.015157511457800865, 0.015352108515799046, 0.016148677095770836, 0.015258458442986012, 0.015275097452104092, 0.015068060718476772, 0.015087807551026344, 0.015092278830707073, 0.01505725085735321], "learning_rate": [0.00019999999494757503, 0.00019999999494757503, 0.00019999999494757503, 0.00019999999494757503, 0.00019999999494757503, 0.00019999999494757503, 0.00019999999494757503, 0.00019999999494757503, 0.00019999999494757503, 0.00019999999494757503, 0.00019999999494757503, 1.9999999494757503e-05, 1.9999999494757503e-05, 1.9999999494757503e-05, 1.9999999949504854e-06, 1.9999999949504854e-06, 1.9999999949504854e-06, 1.9999999949504854e-06, 1.9999999949504854e-06, 2.0000000233721948e-07, 2.0000000233721948e-07, 1.999999987845058e-08, 1.999999987845058e-08, 1.999999943436137e-09, 1.999999943436137e-09]}